{"bias_x": -0.6968553974855053, "bias_y": -2.5769067291224985, "bias_z": 0.7684190022429701, "bias_xtq": -26.539055564666192, "bias_ytq": 3.5755490234393736, "bias_ztq": 26.278507207684427}