{"bias_x": 1.567304009959255, "bias_y": 3.523031510620229, "bias_z": 0.37398265373211814, "bias_xtq": 26.48615030278268, "bias_ytq": -18.609635184313845, "bias_ztq": 25.738066050290957}