{"bias_x": 1.618814898998109, "bias_y": 3.402082970306342, "bias_z": 0.4643791458384797, "bias_xtq": 26.861370804171955, "bias_ytq": -18.71640561215205, "bias_ztq": 27.52011632836583}