{
    "NIDAQ_S1": [
        -0.7549531895357507,
        -2.6296168468900025,
        0.6262445140518199,
        -27.77809199618739,
        5.95357202303256,
        30.8308409782744
    ],
    "NIDAQ_S2": [
        1.7665671302882302,
        3.1047069536357097,
        0.20146422749769485,
        26.4363112197796,
        -17.602778717284068,
        34.26984216614858
    ]
}