{
    "NIDAQ_S1": [
        -0.6784073294350289,
        -2.7082299317734724,
        0.7600890706482546,
        -27.726192159724604,
        4.5015616992299226,
        29.657124022947688
    ],
    "NIDAQ_S2": [
        1.688144009096693,
        3.216639113105226,
        0.34148500417223526,
        27.484900218980943,
        -17.00698886533199,
        33.505991984782945
    ]
}